{
    "blur-radius": 28,
    "vertex": true,
    "reverb-gain": 0.75,
    "vertex-multiplier": 1,
    "reverb-rolloff": 0.0010000000474974513,
    "simplex": true,
    "simplex-multiplier": 1,
    "graphics": 4,
    "reverb-delay": 0.0010000000474974513,
    "reverb-decay": 6,
    "reverb-reflector": 0.009999999776482582
}
